company_name,website,industry,priority,notes
TechFlow AI,techflow.ai,AI SaaS,High,Launching new product
DataSync Pro,datasync.io,Data Integration,Medium,Expanding team
CloudBase Studios,cloudbase.io,Web Development,High,Recently funded
MarketingAI Co,marketingai.co,MarTech,High,Series A announced
DevTools Inc,devtools.dev,Developer Tools,Medium,5 employees - growing
Saasido,saasido.de,SaaS Directory,High,German SaaS directory, likely needs competitor intel
Cosuno,cosuno.de,Construction SaaS,High,Competitive construction tech market
Flip,flipapp.de,Employee App,Medium,Growing employee engagement space
Kenjo,kenjo.io,HR SaaS,High,Crowded HR software market
Briive,briive.io,Sustainability SaaS,High,Emerging sustainability vertical
Dingdone,dingdone.com,Delivery SaaS,Medium,Competitive last-mile delivery
Filestage,filestage.io,Review Tool,High,Content review/approval competitors
Inxmail,inxmail.de,Email Marketing,High,German email marketing, legacy players
JustRelate,justrelate.com,CDP Platform,High,Competitive customer data platforms
Staffomatic,staffomatic.de,Workforce Management,High,German workforce scheduling